traj_name,mpc,mpc_simple,mpc_refine,2D,3D
test_traj,0.2678439198196847,0.27283395951699574,0.33479771005415937,0.35166764399618805,0.4445032202191204
