traj_name,mpc,mpc_simple,2D,3D
test_traj,2.194966418252054,2.3395163381123867,2.521970762574367,1.8782577783038132
val_traj,2.4904651264152458,2.41092664352418,3.41732368223631,2.11222657939248
