traj_name,mpc_adapted,mpc_adapted_simple,mpc_noBeta,mpc_noBeta_simple
test_traj,32.82439022438457,30.380719925183335,43.45181587571399,43.75630522125305
