traj_name,mpc_noBeta,mpc_noBeta_simple
test_traj,0.34972399948843136,0.3265077086239764
