traj_name,2D,3D,2D_LF,3D_LF
test_traj,5.409181426494514,4.971111050275069,7.663776959726822,4.12454794375117
