GP_type,train_data_10,train_data_25,train_data_33,train_data_50,train_data_66,train_data_75,train_data_80,train_data
test_traj_2D,0.5168218869763942,0.43332440433339703,0.45195207369390067,0.4247610283781249,0.4343131678446657,0.439918718689004,0.43817330770922086,0.4328818084351947
test_traj_2D_LF,1.0124437866088187,0.7501817207291921,0.6182242985789334,0.6442241849250689,0.6517687342006316,0.6302996014956619,0.6035993724868958,0.6154361702060304
test_traj_3D,1.1853429191552274,0.7906797187274052,0.5564068389694137,0.5261942754128898,0.5102465183289397,0.5529626635017844,0.5186322001286047,0.49067872863743905
test_traj_3D_LF,1.1913321177051701,0.7958247501299318,0.696551234663056,0.7078794647022548,0.6884928233856422,0.6048295044559562,0.5980291721532648,0.5432777742787123
