GP_type,train_data_5,train_data_10,train_data_25,train_data_33,train_data_50,train_data_66,train_data_75,train_data_80,train_data
test_traj_2D,4.0963506772648515,3.8415019419480836,3.4858507434415476,4.170478681265381,3.9124818015450726,3.6033911801263434,3.838170367167911,3.6870145317530865,3.736693372593439
test_traj_2D_LF,4.888083377286964,5.055507099533129,5.549541931554632,5.792143178551489,5.76961317934928,5.854373726538144,5.828379662816397,6.024060828031544,5.77224893606544
test_traj_3D,4.608724014800919,4.205387239849005,4.25596731049518,4.316845678650855,4.24387881292568,4.27834769975161,4.2777431514929045,4.278258096854185,4.240916054179609
test_traj_3D_LF,6.551879071673637,4.41210731913452,4.466646182340625,4.473238885519455,4.365496874047313,4.39466640018836,4.388117614792283,4.40449457431787,4.380128455938754
