traj_name,mpc,mpc_simple,2D,3D,2D_LF,3D_LF
test_traj,0.1670453149498172,0.17119186397394304,0.2640890155232042,0.3083429327532205,0.4369885457820054,0.3440779772894525
