traj_name,mpc,2D,3D,2D_LF,3D_LF
test_traj,0.0020538911377988934,0.1909641796463319,0.23637036012497747,0.23845074754672888,0.26814080570386756
