traj_name,mpc,mpc_simple,mpc_adapted,mpc_adapted_simple,2D,3D
test_traj,0.11977340109380333,0.11928777338211324,0.20145304427621333,0.20326318548082573,0.35166764399618805,0.4445032202191204
val_traj,0.09834365383512543,0.09815934969972673,0.16399673607707213,0.165007655453981,0.4071064040303464,0.4503100201760754
