traj_name,2D,3D,2D_LF,3D_LF
test_traj,228.50305509481578,17.776188402693073,18.440266807775764,20.0986347983971
