traj_name,mpc,mpc_simple,2D,3D,2D_LF,3D_LF
test_traj,1.438868898390136,1.4337739493725679,1.5222242794526388,1.2096211768855571,1.794555851091719,1.0498909610789262
